{"_type":"export","__export_format":4,"__export_date":"2022-03-12T18:22:39.502Z","__export_source":"insomnia.desktop.app:v2022.1.0","resources":[{"_id":"req_02f140c389304f48ba86d12482461b14","parentId":"fld_f9752dc6375e4269b27eff88a08b7822","modified":1646711853564,"created":1646711823675,"url":"{{base_url}}/customers","name":"index","description":"","method":"GET","body":{},"parameters":[],"headers":[],"authentication":{},"metaSortKey":-1646711823743,"isPrivate":false,"settingStoreCookies":true,"settingSendCookies":true,"settingDisableRenderRequestBody":false,"settingEncodeUrl":true,"settingRebuildPath":true,"settingFollowRedirects":"global","_type":"request"},{"_id":"fld_f9752dc6375e4269b27eff88a08b7822","parentId":"wrk_8e5e6171d5084e10b2ddf0f95ae61fb8","modified":1646705551725,"created":1646705551725,"name":"Customers","description":"","environment":{},"environmentPropertyOrder":null,"metaSortKey":-1646705551725,"_type":"request_group"},{"_id":"wrk_8e5e6171d5084e10b2ddf0f95ae61fb8","parentId":null,"modified":1646626505096,"created":1646626505096,"name":"Plant Shop","description":"","scope":"collection","_type":"workspace"},{"_id":"req_25535592a683499eb409ff29f2afce22","parentId":"fld_f9752dc6375e4269b27eff88a08b7822","modified":1646798083040,"created":1646711961984,"url":"{{base_url}}/customers","name":"add customer","description":"","method":"POST","body":{"mimeType":"application/json","text":"{\n\t\"first_name\": \"Jack\",\n\t\"last_name\": \"Test\",\n\t\"email\": \"jack.test2@gmail.com\",\n\t\"id\": 2\n}"},"parameters":[],"headers":[{"name":"Content-Type","value":"application/json","id":"pair_4667bc9c292f44c3b54d6b32d0f2cdcb"}],"authentication":{},"metaSortKey":-1646669244429.5,"isPrivate":false,"settingStoreCookies":true,"settingSendCookies":true,"settingDisableRenderRequestBody":false,"settingEncodeUrl":true,"settingRebuildPath":true,"settingFollowRedirects":"global","_type":"request"},{"_id":"req_03322d9fd8d140ca96ae55f2fef80acb","parentId":"fld_f9752dc6375e4269b27eff88a08b7822","modified":1646797852423,"created":1646626688572,"url":"{{base_url}}/customers/5","name":"update_customer_info","description":"","method":"PUT","body":{"mimeType":"application/json","text":"{\n\t\"first_name\": \"Nic\",\n\t\"last_name\": \"Robbins\",\n\t\"email\": \"nicrob@gmail.com\"\n}"},"parameters":[],"headers":[{"name":"Content-Type","value":"application/json","id":"pair_cb76c292c0b44243aa54f7aa4a6746ed"}],"authentication":{},"metaSortKey":-1646647954772.75,"isPrivate":false,"settingStoreCookies":true,"settingSendCookies":true,"settingDisableRenderRequestBody":false,"settingEncodeUrl":true,"settingRebuildPath":true,"settingFollowRedirects":"global","_type":"request"},{"_id":"req_d1cea61836f244a8b59e6bb5a149064a","parentId":"fld_f9752dc6375e4269b27eff88a08b7822","modified":1646797918863,"created":1646626665116,"url":"{{base_url}}/customers/5","name":"delete_customer","description":"","method":"DELETE","body":{},"parameters":[],"headers":[],"authentication":{},"metaSortKey":-1646626665116,"isPrivate":false,"settingStoreCookies":true,"settingSendCookies":true,"settingDisableRenderRequestBody":false,"settingEncodeUrl":true,"settingRebuildPath":true,"settingFollowRedirects":"global","_type":"request"},{"_id":"req_12ae91d1f71a41af810297a40930e508","parentId":"fld_1624942d89b54e6b9c07afd8641c74e0","modified":1646711974397,"created":1646626543363,"url":"{{ _.base_url }}/plants","name":"index","description":"","method":"GET","body":{},"parameters":[],"headers":[],"authentication":{},"metaSortKey":-1646710781228,"isPrivate":false,"settingStoreCookies":true,"settingSendCookies":true,"settingDisableRenderRequestBody":false,"settingEncodeUrl":true,"settingRebuildPath":true,"settingFollowRedirects":"global","_type":"request"},{"_id":"fld_1624942d89b54e6b9c07afd8641c74e0","parentId":"wrk_8e5e6171d5084e10b2ddf0f95ae61fb8","modified":1646705535425,"created":1646705535425,"name":"Plants","description":"","environment":{},"environmentPropertyOrder":null,"metaSortKey":-1646705535425,"_type":"request_group"},{"_id":"req_57eaa9a4355647988ea7f02fecf723c6","parentId":"fld_1624942d89b54e6b9c07afd8641c74e0","modified":1646798447020,"created":1646626730142,"url":"{{ _.base_url }}/plants","name":"add plant","description":"","method":"POST","body":{"mimeType":"application/json","text":"{\n\t\"scientific_name\": \"Test plant\",\n\t\"price\": 50,\n\t\"plant_id\": 55\n}"},"parameters":[],"headers":[{"name":"Content-Type","value":"application/json","id":"pair_38599f4cf09f405aab1daac265ba732f"}],"authentication":{},"metaSortKey":-1646710781178,"isPrivate":false,"settingStoreCookies":true,"settingSendCookies":true,"settingDisableRenderRequestBody":false,"settingEncodeUrl":true,"settingRebuildPath":true,"settingFollowRedirects":"global","_type":"request"},{"_id":"req_8740be5f50584701b5e710e5cd459fba","parentId":"fld_1624942d89b54e6b9c07afd8641c74e0","modified":1646797501264,"created":1646707147121,"url":"{{base_url}}/plants/1","name":"update price","description":"","method":"PUT","body":{"mimeType":"application/json","text":"{\n\t\"price\": 35\n}"},"parameters":[],"headers":[{"name":"Content-Type","value":"application/json","id":"pair_4131450da07c4fab8ad399f1a7411c16"}],"authentication":{},"metaSortKey":-1646710781153,"isPrivate":false,"settingStoreCookies":true,"settingSendCookies":true,"settingDisableRenderRequestBody":false,"settingEncodeUrl":true,"settingRebuildPath":true,"settingFollowRedirects":"global","_type":"request"},{"_id":"req_75b97326a50e4b708c00f11403f14f50","parentId":"fld_1624942d89b54e6b9c07afd8641c74e0","modified":1646710793078,"created":1646710781128,"url":"{{base_url}}/plants/55","name":"delete plant","description":"","method":"DELETE","body":{},"parameters":[],"headers":[],"authentication":{},"metaSortKey":-1646710781128,"isPrivate":false,"settingStoreCookies":true,"settingSendCookies":true,"settingDisableRenderRequestBody":false,"settingEncodeUrl":true,"settingRebuildPath":true,"settingFollowRedirects":"global","_type":"request"},{"_id":"env_8f558b23b006698ba83f16d0e7b0edf533ca7ae7","parentId":"wrk_8e5e6171d5084e10b2ddf0f95ae61fb8","modified":1646627332086,"created":1646626505120,"name":"Base Environment","data":{},"dataPropertyOrder":{},"color":null,"isPrivate":false,"metaSortKey":1646626505120,"_type":"environment"},{"_id":"jar_8f558b23b006698ba83f16d0e7b0edf533ca7ae7","parentId":"wrk_8e5e6171d5084e10b2ddf0f95ae61fb8","modified":1646626505124,"created":1646626505124,"name":"Default Jar","cookies":[],"_type":"cookie_jar"},{"_id":"spc_c0c585238a96400682db1a5fb5c6c212","parentId":"wrk_8e5e6171d5084e10b2ddf0f95ae61fb8","modified":1646626505105,"created":1646626505105,"fileName":"Plant Shop","contents":"","contentType":"yaml","_type":"api_spec"},{"_id":"env_59289a9df11a46319c1748f5b25a5f4e","parentId":"env_8f558b23b006698ba83f16d0e7b0edf533ca7ae7","modified":1646796600219,"created":1646627335107,"name":"Plant Shop Environment","data":{"base_url":"http://localhost:5000"},"dataPropertyOrder":{"&":["base_url"]},"color":null,"isPrivate":false,"metaSortKey":1646627335107,"_type":"environment"}]}